"fishing_style","extreme_event","node","est","n","prob","f.style"
"recreational","abl","economic_risk","low",60446,0.60446,"rcf"
"recreational","abl","economic_risk","medium",25655,0.25655,"rcf"
"recreational","abl","economic_risk","high",13899,0.13899,"rcf"
"recreational","abl","individual_risk","low",72330,0.7233,"rcf"
"recreational","abl","individual_risk","medium",27014,0.27014,"rcf"
"recreational","abl","individual_risk","high",656,0.00656,"rcf"
"recreational","abl","societal_risk","low",72330,0.7233,"rcf"
"recreational","abl","societal_risk","medium",27214,0.27214,"rcf"
"recreational","abl","societal_risk","high",456,0.00456,"rcf"
"recreational","hws","economic_risk","low",100000,1,"rcf"
"recreational","hws","individual_risk","low",50909,0.50909,"rcf"
"recreational","hws","individual_risk","medium",47721,0.47721,"rcf"
"recreational","hws","individual_risk","high",1370,0.0137,"rcf"
"recreational","hws","societal_risk","low",50909,0.50909,"rcf"
"recreational","hws","societal_risk","medium",48132,0.48132,"rcf"
"recreational","hws","societal_risk","high",959,0.00959,"rcf"
"recreational","hww","economic_risk","low",100000,1,"rcf"
"recreational","hww","individual_risk","low",15579,0.15579,"rcf"
"recreational","hww","individual_risk","medium",64625,0.64625,"rcf"
"recreational","hww","individual_risk","high",19796,0.19796,"rcf"
"recreational","hww","societal_risk","low",15579,0.15579,"rcf"
"recreational","hww","societal_risk","medium",70570,0.7057,"rcf"
"recreational","hww","societal_risk","high",13851,0.13851,"rcf"
"recreational","gal","economic_risk","low",44641,0.44641,"rcf"
"recreational","gal","economic_risk","medium",31936,0.31936,"rcf"
"recreational","gal","economic_risk","high",23423,0.23423,"rcf"
"recreational","gal","individual_risk","low",41340,0.4134,"rcf"
"recreational","gal","individual_risk","medium",47674,0.47674,"rcf"
"recreational","gal","individual_risk","high",10986,0.10986,"rcf"
"recreational","gal","societal_risk","low",41340,0.4134,"rcf"
"recreational","gal","societal_risk","medium",50942,0.50942,"rcf"
"recreational","gal","societal_risk","high",7718,0.07718,"rcf"
"recreational","sto","economic_risk","low",100000,1,"rcf"
"recreational","sto","individual_risk","medium",73576,0.73576,"rcf"
"recreational","sto","individual_risk","high",26424,0.26424,"rcf"
"recreational","sto","societal_risk","medium",81441,0.81441,"rcf"
"recreational","sto","societal_risk","high",18559,0.18559,"rcf"
"recreational","erf","economic_risk","low",75180,0.7518,"rcf"
"recreational","erf","economic_risk","high",24820,0.2482,"rcf"
"recreational","erf","individual_risk","low",17981,0.17981,"rcf"
"recreational","erf","individual_risk","medium",61746,0.61746,"rcf"
"recreational","erf","individual_risk","high",20273,0.20273,"rcf"
"recreational","erf","societal_risk","low",17981,0.17981,"rcf"
"recreational","erf","societal_risk","medium",67943,0.67943,"rcf"
"recreational","erf","societal_risk","high",14076,0.14076,"rcf"
"recreational","ici","economic_risk","Not Relevant",100000,1,"rcf"
"recreational","ici","individual_risk","Not Relevant",100000,1,"rcf"
"recreational","ici","societal_risk","Not Relevant",100000,1,"rcf"
"small_scale","abl","economic_risk","low",47721,0.47721,"ssf"
"small_scale","abl","economic_risk","medium",31219,0.31219,"ssf"
"small_scale","abl","economic_risk","high",21060,0.2106,"ssf"
"small_scale","abl","individual_risk","low",51422,0.51422,"ssf"
"small_scale","abl","individual_risk","medium",39525,0.39525,"ssf"
"small_scale","abl","individual_risk","high",9053,0.09053,"ssf"
"small_scale","abl","societal_risk","low",51422,0.51422,"ssf"
"small_scale","abl","societal_risk","medium",38768,0.38768,"ssf"
"small_scale","abl","societal_risk","high",9810,0.0981,"ssf"
"small_scale","hws","economic_risk","low",71127,0.71127,"ssf"
"small_scale","hws","economic_risk","medium",17613,0.17613,"ssf"
"small_scale","hws","economic_risk","high",11260,0.1126,"ssf"
"small_scale","hws","individual_risk","low",51020,0.5102,"ssf"
"small_scale","hws","individual_risk","medium",37740,0.3774,"ssf"
"small_scale","hws","individual_risk","high",11240,0.1124,"ssf"
"small_scale","hws","societal_risk","low",51020,0.5102,"ssf"
"small_scale","hws","societal_risk","medium",36822,0.36822,"ssf"
"small_scale","hws","societal_risk","high",12158,0.12158,"ssf"
"small_scale","hww","economic_risk","low",78624,0.78624,"ssf"
"small_scale","hww","economic_risk","medium",11758,0.11758,"ssf"
"small_scale","hww","economic_risk","high",9618,0.09618,"ssf"
"small_scale","hww","individual_risk","low",36510,0.3651,"ssf"
"small_scale","hww","individual_risk","medium",42786,0.42786,"ssf"
"small_scale","hww","individual_risk","high",20704,0.20704,"ssf"
"small_scale","hww","societal_risk","low",36510,0.3651,"ssf"
"small_scale","hww","societal_risk","medium",41111,0.41111,"ssf"
"small_scale","hww","societal_risk","high",22379,0.22379,"ssf"
"small_scale","gal","economic_risk","low",42390,0.4239,"ssf"
"small_scale","gal","economic_risk","medium",33126,0.33126,"ssf"
"small_scale","gal","economic_risk","high",24484,0.24484,"ssf"
"small_scale","gal","individual_risk","low",43648,0.43648,"ssf"
"small_scale","gal","individual_risk","medium",34836,0.34836,"ssf"
"small_scale","gal","individual_risk","high",21516,0.21516,"ssf"
"small_scale","gal","societal_risk","low",43648,0.43648,"ssf"
"small_scale","gal","societal_risk","medium",33084,0.33084,"ssf"
"small_scale","gal","societal_risk","high",23268,0.23268,"ssf"
"small_scale","sto","economic_risk","low",53220,0.5322,"ssf"
"small_scale","sto","economic_risk","medium",26337,0.26337,"ssf"
"small_scale","sto","economic_risk","high",20443,0.20443,"ssf"
"small_scale","sto","individual_risk","low",19455,0.19455,"ssf"
"small_scale","sto","individual_risk","medium",45483,0.45483,"ssf"
"small_scale","sto","individual_risk","high",35062,0.35062,"ssf"
"small_scale","sto","societal_risk","low",19455,0.19455,"ssf"
"small_scale","sto","societal_risk","medium",42635,0.42635,"ssf"
"small_scale","sto","societal_risk","high",37910,0.3791,"ssf"
"small_scale","erf","economic_risk","low",61117,0.61117,"ssf"
"small_scale","erf","economic_risk","medium",24493,0.24493,"ssf"
"small_scale","erf","economic_risk","high",14390,0.1439,"ssf"
"small_scale","erf","individual_risk","low",49504,0.49504,"ssf"
"small_scale","erf","individual_risk","medium",30817,0.30817,"ssf"
"small_scale","erf","individual_risk","high",19679,0.19679,"ssf"
"small_scale","erf","societal_risk","low",49504,0.49504,"ssf"
"small_scale","erf","societal_risk","medium",29293,0.29293,"ssf"
"small_scale","erf","societal_risk","high",21203,0.21203,"ssf"
"small_scale","ici","economic_risk","Not Relevant",100000,1,"ssf"
"small_scale","ici","individual_risk","Not Relevant",100000,1,"ssf"
"small_scale","ici","societal_risk","Not Relevant",100000,1,"ssf"
"household","abl","economic_risk","low",100000,1,"hhf"
"household","abl","individual_risk","medium",100000,1,"hhf"
"household","abl","societal_risk","medium",100000,1,"hhf"
"household","hws","economic_risk","low",66780,0.6678,"hhf"
"household","hws","economic_risk","medium",7421,0.07421,"hhf"
"household","hws","economic_risk","high",25799,0.25799,"hhf"
"household","hws","individual_risk","low",42240,0.4224,"hhf"
"household","hws","individual_risk","medium",56804,0.56804,"hhf"
"household","hws","individual_risk","high",956,0.00956,"hhf"
"household","hws","societal_risk","low",42240,0.4224,"hhf"
"household","hws","societal_risk","medium",57358,0.57358,"hhf"
"household","hws","societal_risk","high",402,0.00402,"hhf"
"household","hww","economic_risk","low",100000,1,"hhf"
"household","hww","individual_risk","low",58350,0.5835,"hhf"
"household","hww","individual_risk","medium",40982,0.40982,"hhf"
"household","hww","individual_risk","high",668,0.00668,"hhf"
"household","hww","societal_risk","low",58350,0.5835,"hhf"
"household","hww","societal_risk","medium",41397,0.41397,"hhf"
"household","hww","societal_risk","high",253,0.00253,"hhf"
"household","gal","economic_risk","low",28450,0.2845,"hhf"
"household","gal","economic_risk","medium",29224,0.29224,"hhf"
"household","gal","economic_risk","high",42326,0.42326,"hhf"
"household","gal","individual_risk","low",63212,0.63212,"hhf"
"household","gal","individual_risk","medium",36440,0.3644,"hhf"
"household","gal","individual_risk","high",348,0.00348,"hhf"
"household","gal","societal_risk","low",63212,0.63212,"hhf"
"household","gal","societal_risk","medium",36648,0.36648,"hhf"
"household","gal","societal_risk","high",140,0.0014,"hhf"
"household","sto","economic_risk","low",100000,1,"hhf"
"household","sto","individual_risk","medium",100000,1,"hhf"
"household","sto","societal_risk","medium",100000,1,"hhf"
"household","erf","economic_risk","low",100000,1,"hhf"
"household","erf","individual_risk","medium",100000,1,"hhf"
"household","erf","societal_risk","medium",100000,1,"hhf"
"household","ici","economic_risk","Not Relevant",100000,1,"hhf"
"household","ici","individual_risk","Not Relevant",100000,1,"hhf"
"household","ici","societal_risk","Not Relevant",100000,1,"hhf"
"trawler","abl","economic_risk","low",100000,1,"trw"
"trawler","abl","individual_risk","low",44491,0.44491,"trw"
"trawler","abl","individual_risk","medium",51506,0.51506,"trw"
"trawler","abl","individual_risk","high",4003,0.04003,"trw"
"trawler","abl","societal_risk","low",44491,0.44491,"trw"
"trawler","abl","societal_risk","medium",51506,0.51506,"trw"
"trawler","abl","societal_risk","high",4003,0.04003,"trw"
"trawler","hws","economic_risk","low",100000,1,"trw"
"trawler","hws","individual_risk","low",70907,0.70907,"trw"
"trawler","hws","individual_risk","medium",28079,0.28079,"trw"
"trawler","hws","individual_risk","high",1014,0.01014,"trw"
"trawler","hws","societal_risk","low",70907,0.70907,"trw"
"trawler","hws","societal_risk","medium",28079,0.28079,"trw"
"trawler","hws","societal_risk","high",1014,0.01014,"trw"
"trawler","hww","economic_risk","low",100000,1,"trw"
"trawler","hww","individual_risk","low",92836,0.92836,"trw"
"trawler","hww","individual_risk","medium",7134,0.07134,"trw"
"trawler","hww","individual_risk","high",30,3e-04,"trw"
"trawler","hww","societal_risk","low",92836,0.92836,"trw"
"trawler","hww","societal_risk","medium",7134,0.07134,"trw"
"trawler","hww","societal_risk","high",30,3e-04,"trw"
"trawler","gal","economic_risk","low",100000,1,"trw"
"trawler","gal","individual_risk","low",21225,0.21225,"trw"
"trawler","gal","individual_risk","medium",51698,0.51698,"trw"
"trawler","gal","individual_risk","high",27077,0.27077,"trw"
"trawler","gal","societal_risk","low",21225,0.21225,"trw"
"trawler","gal","societal_risk","medium",51698,0.51698,"trw"
"trawler","gal","societal_risk","high",27077,0.27077,"trw"
"trawler","sto","economic_risk","low",99082,0.99082,"trw"
"trawler","sto","economic_risk","medium",918,0.00918,"trw"
"trawler","sto","individual_risk","low",53322,0.53322,"trw"
"trawler","sto","individual_risk","medium",45970,0.4597,"trw"
"trawler","sto","individual_risk","high",708,0.00708,"trw"
"trawler","sto","societal_risk","low",53322,0.53322,"trw"
"trawler","sto","societal_risk","medium",45970,0.4597,"trw"
"trawler","sto","societal_risk","high",708,0.00708,"trw"
"trawler","erf","economic_risk","low",100000,1,"trw"
"trawler","erf","individual_risk","low",58459,0.58459,"trw"
"trawler","erf","individual_risk","medium",37665,0.37665,"trw"
"trawler","erf","individual_risk","high",3876,0.03876,"trw"
"trawler","erf","societal_risk","low",58459,0.58459,"trw"
"trawler","erf","societal_risk","medium",37665,0.37665,"trw"
"trawler","erf","societal_risk","high",3876,0.03876,"trw"
"trawler","ici","economic_risk","low",25138,0.25138,"trw"
"trawler","ici","economic_risk","medium",38876,0.38876,"trw"
"trawler","ici","economic_risk","high",35986,0.35986,"trw"
"trawler","ici","individual_risk","low",76,0.00076,"trw"
"trawler","ici","individual_risk","medium",38891,0.38891,"trw"
"trawler","ici","individual_risk","high",61033,0.61033,"trw"
"trawler","ici","societal_risk","low",76,0.00076,"trw"
"trawler","ici","societal_risk","medium",38891,0.38891,"trw"
"trawler","ici","societal_risk","high",61033,0.61033,"trw"
"guide","abl","economic_risk","low",24890,0.2489,"fgu"
"guide","abl","economic_risk","medium",1446,0.01446,"fgu"
"guide","abl","economic_risk","high",73664,0.73664,"fgu"
"guide","abl","individual_risk","low",14366,0.14366,"fgu"
"guide","abl","individual_risk","medium",8078,0.08078,"fgu"
"guide","abl","individual_risk","high",77556,0.77556,"fgu"
"guide","abl","societal_risk","low",14366,0.14366,"fgu"
"guide","abl","societal_risk","medium",70182,0.70182,"fgu"
"guide","abl","societal_risk","high",15452,0.15452,"fgu"
"guide","hws","economic_risk","low",79776,0.79776,"fgu"
"guide","hws","economic_risk","medium",14085,0.14085,"fgu"
"guide","hws","economic_risk","high",6139,0.06139,"fgu"
"guide","hws","individual_risk","low",40167,0.40167,"fgu"
"guide","hws","individual_risk","medium",37571,0.37571,"fgu"
"guide","hws","individual_risk","high",22262,0.22262,"fgu"
"guide","hws","societal_risk","low",40167,0.40167,"fgu"
"guide","hws","societal_risk","medium",55308,0.55308,"fgu"
"guide","hws","societal_risk","high",4525,0.04525,"fgu"
"guide","hww","economic_risk","low",12699,0.12699,"fgu"
"guide","hww","economic_risk","medium",1612,0.01612,"fgu"
"guide","hww","economic_risk","high",85689,0.85689,"fgu"
"guide","hww","individual_risk","low",5908,0.05908,"fgu"
"guide","hww","individual_risk","medium",5471,0.05471,"fgu"
"guide","hww","individual_risk","high",88621,0.88621,"fgu"
"guide","hww","societal_risk","low",5908,0.05908,"fgu"
"guide","hww","societal_risk","medium",76288,0.76288,"fgu"
"guide","hww","societal_risk","high",17804,0.17804,"fgu"
"guide","gal","economic_risk","low",50408,0.50408,"fgu"
"guide","gal","economic_risk","medium",1,1e-05,"fgu"
"guide","gal","economic_risk","high",49591,0.49591,"fgu"
"guide","gal","individual_risk","low",38276,0.38276,"fgu"
"guide","gal","individual_risk","medium",40886,0.40886,"fgu"
"guide","gal","individual_risk","high",20838,0.20838,"fgu"
"guide","gal","societal_risk","low",38276,0.38276,"fgu"
"guide","gal","societal_risk","medium",57554,0.57554,"fgu"
"guide","gal","societal_risk","high",4170,0.0417,"fgu"
"guide","sto","economic_risk","medium",1890,0.0189,"fgu"
"guide","sto","economic_risk","high",98110,0.9811,"fgu"
"guide","sto","individual_risk","high",100000,1,"fgu"
"guide","sto","societal_risk","medium",80136,0.80136,"fgu"
"guide","sto","societal_risk","high",19864,0.19864,"fgu"
"guide","erf","economic_risk","medium",2011,0.02011,"fgu"
"guide","erf","economic_risk","high",97989,0.97989,"fgu"
"guide","erf","individual_risk","high",100000,1,"fgu"
"guide","erf","societal_risk","medium",80061,0.80061,"fgu"
"guide","erf","societal_risk","high",19939,0.19939,"fgu"
"guide","ici","economic_risk","medium",1906,0.01906,"fgu"
"guide","ici","economic_risk","high",98094,0.98094,"fgu"
"guide","ici","individual_risk","high",100000,1,"fgu"
"guide","ici","societal_risk","medium",80022,0.80022,"fgu"
"guide","ici","societal_risk","high",19978,0.19978,"fgu"
